{
  "start_torsions": {
    "t1": -60.00019047330812,
    "t2": -55.00975731514058
  },
  "clean": {
    "steps": 70,
    "E": -48.40822383720927,
    "torsions": {
      "t1": [
        -60.00019047330812,
        -57.51098988632982,
        -59.01184259908691,
        -58.45677816203926,
        -58.11258359557996,
        -58.63826199521654,
        -58.720853553399095,
        -58.68370623304487,
        -58.64731957190304,
        -58.71883761707967,
        -55.47610334907852,
        -58.59528894772754,
        -58.80636863594196,
        -58.563464088389196,
        -58.52623240337523,
        -58.578530495131865,
        -58.39714108744447,
        -58.57370695075108,
        -58.64311690792427,
        -58.59300604910686,
        -58.36746516659436,
        -58.5636888922618,
        -58.544287000536485,
        -58.578023705099724,
        -57.924567031248536,
        -58.54143220722393,
        -58.51602245010208,
        -58.81493032545452,
        -58.53184477845774,
        -58.55131860645064,
        -58.457423538908635,
        -58.91184510238161,
        -58.53428464905345,
        -58.07044112602158,
        -57.59347879258672,
        -57.909158763000455,
        -56.875321215302066,
        -57.71892769936553,
        -57.42395205263477,
        -57.6683689704244,
        -57.09493724771383,
        -56.55554609962672,
        -55.5797286383828,
        -53.51884711789191,
        -49.45397528468029,
        -41.52962971618679,
        -43.63023104851677,
        -41.904333163608946,
        -43.1939522798599,
        -41.44659009040419,
        -39.79688007214332,
        -42.34969674016875,
        -39.7235457760978,
        -37.649564858784295,
        -30.388159755387058,
        -20.57427775673308,
        -9.835111387551393,
        -16.351014231655142,
        -13.46081254434737,
        -15.156986029687404,
        -14.22290295003555,
        -12.51904170659369,
        -12.778978590592226,
        -13.166953763763212,
        -13.130888436000673,
        -13.103027992419982,
        -13.119260927827906,
        -13.204963444116226,
        -13.25623824587012,
        -13.246092200546753
      ],
      "t2": [
        -55.00975731514058,
        -53.14723924149388,
        -54.246116575620086,
        -54.327568496625965,
        -53.41303632396823,
        -54.34474613617696,
        -54.183638778071845,
        -54.164735432073286,
        -54.025643502931814,
        -54.177594334643665,
        -53.437839751064004,
        -54.19014212604631,
        -54.13265099393959,
        -54.19989175384974,
        -54.34460083101131,
        -54.22986952067408,
        -54.00676108147457,
        -54.228678991928945,
        -54.34917918645258,
        -54.293617882228475,
        -53.88196407001163,
        -54.25132547739488,
        -54.23447203864061,
        -54.288930351661904,
        -53.15910210442496,
        -54.23592063971017,
        -54.20178402421971,
        -55.021003801855066,
        -54.25548071794697,
        -54.293382719595655,
        -54.204170625871946,
        -55.1936610172161,
        -54.767922032724115,
        -53.36844295965696,
        -58.300289371217254,
        -54.77333781543618,
        -55.30178923897443,
        -54.26883921650135,
        -54.91756146368259,
        -54.35625961037086,
        -54.935470884121,
        -55.146632646574254,
        -55.76403166827502,
        -56.989448876340454,
        -59.37553022406134,
        -63.87018340715247,
        -62.57239786025609,
        -64.09305065269487,
        -62.86642152543196,
        -63.69077249734103,
        -64.67245111435945,
        -62.9610314091045,
        -63.837503947940164,
        -64.49015029591072,
        -65.75910682969317,
        -68.04092534949837,
        -70.14290541354595,
        -69.9514875796202,
        -69.5653128076377,
        -69.64467293768956,
        -69.90828326788328,
        -70.11761765622755,
        -70.19431468760756,
        -70.13505878742934,
        -70.11273823365099,
        -70.1153100320947,
        -70.18475614864485,
        -70.17907751336486,
        -70.16188348087616,
        -70.1610103429052
      ]
    }
  },
  "noisy": {
    "sigma": 0.02,
    "seed": 12345,
    "steps": 32,
    "E": -48.40808131284179,
    "dE_kcal": 0.08943539088048147,
    "torsions": {
      "t1": [
        -56.54051856513264,
        -55.262600298192375,
        -58.18338053240325,
        -57.570313661181565,
        -56.079252136084236,
        -56.92696046776694,
        -56.38488506457978,
        -55.748329331190654,
        -55.774686143996895,
        -49.18670126348858,
        -54.952277419272015,
        -53.96736069478651,
        -52.08855755411511,
        -49.3113773013586,
        -47.834786648387386,
        -45.44214982294624,
        -41.83387593082828,
        -33.832367322623284,
        -31.97587514176333,
        -27.31690519529937,
        -19.060028745415092,
        -14.30906661794517,
        -12.727108666330034,
        -13.159212513814,
        -14.113107516361543,
        -13.09154326292614,
        -13.274167634042884,
        -13.306135579319728,
        -13.421788376099578,
        -13.331447340546532,
        -13.243344332184158,
        -13.34417190342026
      ],
      "t2": [
        -55.38399234173083,
        -52.99535444788376,
        -53.78842898218423,
        -55.3095861480845,
        -53.18860607541882,
        -56.82591365639835,
        -55.42876877102753,
        -55.52901414577783,
        -56.529886481645654,
        -49.645666641637845,
        -56.049809285947376,
        -55.56378946666231,
        -54.791221601526495,
        -55.74401781823742,
        -56.20650054096998,
        -60.12226418396615,
        -62.44280616052818,
        -66.8114890373454,
        -67.8377881821458,
        -68.49576458386748,
        -69.85153623757944,
        -70.60257826952503,
        -70.17937061419967,
        -70.13376967435103,
        -70.05347974182301,
        -70.20696100684941,
        -70.14181303021108,
        -70.13697482940839,
        -70.15404433226772,
        -70.14723532185297,
        -70.17256729205077,
        -70.15791485587592
      ]
    }
  }
}