{"clean_steps": [78, 81, 77, 77, 62, 94, 62, 70], "clean_E_spread_kcal": 0.00021292718555962711, "noise": {"0.02": [38, 35, 47, 29, 31, 31], "0.05": [38, 31, 34, 52, 34, 29], "0.1": [26, 41, 24, 27, 40, 28]}, "rep_clean": {"es": [-48.37821712149013, -48.387822019807054, -48.39189239514849, -48.395251268420125, -48.39578143263289, -48.39599307804951, -48.39602956101194, -48.39607739470035, -48.396083733311094, -48.39614327365443, -47.910774693295366, -48.39622838165836, -48.37927483346199, -48.3963813955393, -48.391130727749356, -48.39647332888742, -48.39548853213775, -48.39652392509093, -48.39658793590446, -48.39678414681392, -48.395747885857894, -48.396856495792996, -48.39699140442379, -48.39728426924195, -48.39466162718208, -48.3974696626831, -48.39780849424854, -48.39537232235635, -48.39804575544501, -48.3984361671024, -48.39929643443717, -48.40040643657887, -48.40299409033401, -48.404862248237585, -48.395431148549726, -48.40444954043309, -48.404835833668514, -48.40477456744625, -48.40492576860691, -48.40493681063945, -48.40495390512133, -48.40498701556074, -48.40480859476046, -48.405063655181834, -48.40514862632868, -48.40478824175532, -48.405214467122086, -48.40532312500703, -48.40490303819586, -48.40543747600118, -48.405571876805325, -48.40508932834185, -48.40569348309138, -48.405849145082726, -48.40369391528285, -48.40594242512581, -48.406110251356694, -48.40300238882057, -48.40620136403023, -48.40637584522853, -48.406719256639946, -48.40726495899512, -48.40578085139752, -48.40765842676123, -48.40766231444579, -48.40779329756623, -48.407850131466724, -48.407952509240324, -48.408082998896106, -48.40813701358269, -48.40818386537802, -48.408208402413955, -48.40821781431078, -48.408220041560845, -48.40822197093905, -48.40822302247553, -48.40822337934464, -48.40822358122176], "t1": [-60.00019047330812, -57.51098988630799, -59.011842597149254, -58.45677816974667, -58.11258359301805, -58.63826200500037, -58.720853562466004, -58.68370623715058, -58.64731958169541, -58.71883763303551, -55.47610254767528, -58.595290468622984, -58.806375021038576, -58.56346528176393, -58.52624050039573, -58.578533545757026, -58.397142944184615, -58.573710768613694, -58.64313243580979, -58.592994771615516, -58.3675062504738, -58.56369103162943, -58.54428111701083, -58.57831872198011, -57.92558468997276, -58.5417719392158, -58.516491005184, -58.80727323838522, -58.531805597074474, -58.551628163230085, -58.456873874933194, -58.938806611432284, -58.51697441874439, -58.05104025149792, -58.60774447966897, -57.37886828785649, -56.8380029910339, -56.96196896378042, -57.498754861060306, -56.65888706885801, -55.58253885668198, -54.086869083394596, -51.96137298630132, -53.07670258718569, -51.88764805031227, -50.61131469135916, -51.0038550546591, -49.64532973896217, -46.24447484676636, -48.356702060141934, -47.01457004627515, -44.70588455063961, -45.87172842941307, -44.47634476772363, -42.67739223553426, -43.619877000308264, -42.11564163775096, -41.171272383563384, -41.292422918504634, -39.69247046935893, -36.393610067992356, -30.207583363204243, -11.835386967630729, -23.768360682866142, -17.582707165122294, -20.52398036623704, -20.010110241191523, -18.668507872689478, -16.142707957766962, -13.237257628962707, -13.465282922661203, -14.136787472849745, -13.79872823634916, -13.268238636136536, -13.094147808382603, -13.364343401307927, -13.331394831017173, -13.236156388505533], "t2": [-55.00975731514058, -53.14723924145475, -54.24611657207078, -54.3275685066205, -53.41303630037486, -54.34474615342503, -54.18363876437068, -54.16473543084005, -54.02564349502536, -54.17759432573, -53.437838852263894, -54.190143752605984, -54.13263356593565, -54.199890105191265, -54.34461116570848, -54.229867397929375, -54.00675707682248, -54.22867684667493, -54.349191941095974, -54.29357960905805, -53.881980488459, -54.25131039989103, -54.2344458141397, -54.28933325816387, -53.160107684441016, -54.23634605183099, -54.20252545066927, -55.0108937748266, -54.255458847462876, -54.29363718958087, -54.20474088504822, -55.231453690806646, -54.72965568310258, -54.3814039854142, -48.61527534525717, -55.62093928461387, -55.13721232079834, -54.96439150436641, -54.77618722026778, -55.225026054497654, -55.783733269043694, -56.48233375972396, -59.284230558557475, -57.08812561595149, -57.69549670615793, -58.786137761307316, -58.05729944351749, -58.67251213339867, -60.70909800916009, -59.43755277446362, -60.21752771812833, -60.1967805353072, -60.605896760529724, -61.31779519183729, -62.46496055757367, -61.72656295427057, -62.47225815110214, -61.60543535654384, -62.810928615291004, -63.51307990391116, -64.81403900730923, -67.3398867858935, -70.48159280945117, -69.4384556342386, -69.76053350963379, -69.36887553367357, -69.58211350544951, -69.6149244419658, -69.21833705486638, -69.71218803189826, -69.79452609841368, -70.00794917215218, -70.02889078122139, -70.12294823561957, -70.1543847337523, -70.13534568993731, -70.14478627039112, -70.14677886144545], "n": 78}, "rep_noisy": {"es": [-48.35274524152608, -48.378797684622874, -48.38854994940476, -48.39045041951739, -48.394937966678675, -48.397257974032016, -48.40047138263466, -48.36449879133191, -48.37670828195372, -48.40301405260342, -48.38306033906776, -48.4040433730794, -48.40422590981649, -48.40495675499937, -48.405137147817534, -48.4052871741884, -48.4057663802484, -48.406636914850154, -48.405834995650785, -48.406394584122275, -48.40661997418606, -48.40612686379888, -48.406936169465645, -48.40703223218893, -48.40712587925214, -48.40724553002072, -48.407405952430246, -48.40770858816652, -48.40794945306035, -48.408137198525296, -48.408167705074554, -48.4082072556134, -48.40821326139757, -48.408219695800106, -48.40822115569882, -48.408223116709856, -48.40822341403045, -48.40822382423288], "t1": [-62.726997227484176, -61.357778506570725, -57.66185847527158, -57.7220385903973, -56.455407237641175, -57.85832905441659, -56.5267523858036, -52.80702393703932, -55.56048624278177, -55.04197502150359, -53.67312423124253, -54.841179335117005, -54.060708615159555, -53.78978477703037, -52.216848964057306, -48.48851756530903, -43.249747348475935, -32.17143782540453, -21.041090770739014, -29.622705706174568, -26.392035325609484, -25.606807557894445, -27.669480970027678, -23.354453753768237, -20.374058292373324, -19.312257688856672, -18.269173560628452, -14.205655642001842, -11.460533209713699, -14.449630119077742, -13.378018831307104, -12.884310017798201, -13.421655606981373, -13.415185551444626, -13.199068655323966, -13.194760406100777, -13.28739482408173, -13.285196735748709], "t2": [-53.435157689063864, -53.5461376184688, -51.20056206159087, -57.856201412616734, -54.17598457605613, -54.2945216989512, -55.26147425250101, -57.19198512587117, -55.7308637333625, -55.9357444123005, -58.012468426893406, -56.620379113005214, -57.81382912904127, -57.03209701369604, -57.64552872633955, -59.59524207725618, -62.011939282870294, -66.24793730735153, -70.89586131222278, -68.77336518968166, -67.98428836796965, -68.47903081508107, -67.79550350976216, -68.74158942140404, -69.19223632348059, -69.30859225203044, -69.43839044455702, -69.2717048972409, -69.59917845738626, -69.97096287172329, -69.84314404267467, -70.0945258311055, -70.21575207593212, -70.16712709524423, -70.0883424934055, -70.1686908494999, -70.17376424400298, -70.15334564939589], "n": 38}}