{
  "converged": true,
  "steps": 12,
  "wall_s": 0.4447924510004668,
  "error": null,
  "per_step": [
    {
      "step": 1,
      "energy_ha": 0.062053727233176564,
      "max_angle_deg": 180.0,
      "near_linear_angles": [
        [
          0,
          180.0,
          "C1-C0-C2"
        ]
      ],
      "max_3coord_anglesum_deg": 360.0,
      "planar_3coord_centres": [
        [
          1,
          360.0,
          "C"
        ],
        [
          2,
          360.0,
          "C"
        ]
      ],
      "min_pyramidalisation_deg": null,
      "sp3_inverted_centres": [],
      "max_bond_stretch_ratio": 0.9393171404561036,
      "stretched_bonds": [],
      "n_internals": 17,
      "n_cart": 21,
      "sv_max": 3.990013398941238,
      "sv_min": 1e-30,
      "condition_number": 3.990013398941238e+30,
      "pinv_gap_index": 12,
      "pinv_gap_value": 460826881163388.1,
      "sv_at_gap": 0.25163250497138073,
      "sv_just_after_gap": 5.460456307065199e-16,
      "n_truncated": 4,
      "top_5_truncated_contribs": [
        [
          6,
          0.9151784177543738,
          "Angle(1-0-2)"
        ],
        [
          8,
          0.014653979298580687,
          "Angle(0-1-6)"
        ],
        [
          9,
          0.014653979298580587,
          "Angle(5-1-6)"
        ],
        [
          7,
          0.014653979298580533,
          "Angle(0-1-5)"
        ],
        [
          10,
          0.012798999150936807,
          "Angle(0-2-3)"
        ]
      ]
    },
    {
      "step": 2,
      "energy_ha": 0.06196843680428619,
      "max_angle_deg": 179.99678412128017,
      "near_linear_angles": [
        [
          0,
          179.99678412128017,
          "C1-C0-C2"
        ]
      ],
      "max_3coord_anglesum_deg": 359.99999997989386,
      "planar_3coord_centres": [
        [
          1,
          359.99999997989386,
          "C"
        ],
        [
          2,
          359.9999999798344,
          "C"
        ]
      ],
      "min_pyramidalisation_deg": null,
      "sp3_inverted_centres": [],
      "max_bond_stretch_ratio": 0.9388025755050057,
      "stretched_bonds": [],
      "n_internals": 17,
      "n_cart": 21,
      "sv_max": 4.005003932567956,
      "sv_min": 1e-30,
      "condition_number": 4.0050039325679553e+30,
      "pinv_gap_index": 13,
      "pinv_gap_value": 8224987447.592878,
      "sv_at_gap": 0.19846671973414645,
      "sv_just_after_gap": 2.412972919396122e-11,
      "n_truncated": 3,
      "top_5_truncated_contribs": [
        [
          8,
          0.1666843783725473,
          "Angle(0-1-6)"
        ],
        [
          9,
          0.1666820178593332,
          "Angle(5-1-6)"
        ],
        [
          7,
          0.16667965747566138,
          "Angle(0-1-5)"
        ],
        [
          11,
          0.16665367921927418,
          "Angle(0-2-4)"
        ],
        [
          12,
          0.16665131530419652,
          "Angle(3-2-4)"
        ]
      ]
    },
    {
      "step": 3,
      "energy_ha": 0.06103492732305661,
      "max_angle_deg": 179.99908124156832,
      "near_linear_angles": [
        [
          0,
          179.99908124156832,
          "C1-C0-C2"
        ]
      ],
      "max_3coord_anglesum_deg": 359.9999999972156,
      "planar_3coord_centres": [
        [
          1,
          359.9999999972156,
          "C"
        ],
        [
          2,
          359.9999999972082,
          "C"
        ]
      ],
      "min_pyramidalisation_deg": null,
      "sp3_inverted_centres": [],
      "max_bond_stretch_ratio": 0.9386929737060903,
      "stretched_bonds": [],
      "n_internals": 17,
      "n_cart": 21,
      "sv_max": 4.00135749932502,
      "sv_min": 1e-30,
      "condition_number": 4.00135749932502e+30,
      "pinv_gap_index": 13,
      "pinv_gap_value": 60057545778.00376,
      "sv_at_gap": 0.19867594247013312,
      "sv_just_after_gap": 3.3080929281479016e-12,
      "n_truncated": 3,
      "top_5_truncated_contribs": [
        [
          8,
          0.16670898426811592,
          "Angle(0-1-6)"
        ],
        [
          9,
          0.16670810641863734,
          "Angle(5-1-6)"
        ],
        [
          7,
          0.16670722856247686,
          "Angle(0-1-5)"
        ],
        [
          11,
          0.16662610513580317,
          "Angle(0-2-4)"
        ],
        [
          12,
          0.16662522618509393,
          "Angle(3-2-4)"
        ]
      ]
    },
    {
      "step": 4,
      "energy_ha": 0.060592188403880136,
      "max_angle_deg": 179.99772010382208,
      "near_linear_angles": [
        [
          0,
          179.99772010382208,
          "C1-C0-C2"
        ]
      ],
      "max_3coord_anglesum_deg": 359.99999999921533,
      "planar_3coord_centres": [
        [
          1,
          359.99999999921533,
          "C"
        ],
        [
          2,
          359.9999999992143,
          "C"
        ]
      ],
      "min_pyramidalisation_deg": null,
      "sp3_inverted_centres": [],
      "max_bond_stretch_ratio": 0.9383922984834527,
      "stretched_bonds": [],
      "n_internals": 17,
      "n_cart": 21,
      "sv_max": 4.009390127950544,
      "sv_min": 1e-30,
      "condition_number": 4.009390127950544e+30,
      "pinv_gap_index": 13,
      "pinv_gap_value": 207016387255.5932,
      "sv_at_gap": 0.20021720397069898,
      "sv_just_after_gap": 9.671563040248615e-13,
      "n_truncated": 3,
      "top_5_truncated_contribs": [
        [
          8,
          0.16666965203665168,
          "Angle(0-1-6)"
        ],
        [
          9,
          0.16666918038969455,
          "Angle(5-1-6)"
        ],
        [
          7,
          0.16666870864987307,
          "Angle(0-1-5)"
        ],
        [
          11,
          0.16666462315562136,
          "Angle(0-2-4)"
        ],
        [
          12,
          0.16666415083106836,
          "Angle(3-2-4)"
        ]
      ]
    },
    {
      "step": 5,
      "energy_ha": 0.06038614954828901,
      "max_angle_deg": 179.98107307002678,
      "near_linear_angles": [
        [
          0,
          179.98107307002678,
          "C1-C0-C2"
        ]
      ],
      "max_3coord_anglesum_deg": 359.9999922910031,
      "planar_3coord_centres": [
        [
          1,
          359.9999922910031,
          "C"
        ],
        [
          2,
          359.9999922516895,
          "C"
        ]
      ],
      "min_pyramidalisation_deg": null,
      "sp3_inverted_centres": [],
      "max_bond_stretch_ratio": 0.9378910321249864,
      "stretched_bonds": [],
      "n_internals": 17,
      "n_cart": 21,
      "sv_max": 4.022999875260514,
      "sv_min": 1e-30,
      "condition_number": 4.0229998752605137e+30,
      "pinv_gap_index": 13,
      "pinv_gap_value": 20086455.043980677,
      "sv_at_gap": 0.20236620353097703,
      "sv_just_after_gap": 1.007475948781815e-08,
      "n_truncated": 3,
      "top_5_truncated_contribs": [
        [
          11,
          0.1669882621996747,
          "Angle(0-2-4)"
        ],
        [
          12,
          0.1669406415114439,
          "Angle(3-2-4)"
        ],
        [
          10,
          0.1668928532986218,
          "Angle(0-2-3)"
        ],
        [
          8,
          0.16644027360374955,
          "Angle(0-1-6)"
        ],
        [
          9,
          0.16639277340456982,
          "Angle(5-1-6)"
        ]
      ]
    },
    {
      "step": 6,
      "energy_ha": 0.06035558395736752,
      "max_angle_deg": 179.97934433315626,
      "near_linear_angles": [
        [
          0,
          179.97934433315626,
          "C1-C0-C2"
        ]
      ],
      "max_3coord_anglesum_deg": 359.999093894317,
      "planar_3coord_centres": [
        [
          1,
          359.999093894317,
          "C"
        ],
        [
          2,
          359.99908896394993,
          "C"
        ]
      ],
      "min_pyramidalisation_deg": null,
      "sp3_inverted_centres": [],
      "max_bond_stretch_ratio": 0.9381268005640623,