{
  "cs_mirror": {
    "plane_z": 0.020563157500000002,
    "max_atom_image_dev_A": 1.517458425
  },
  "twist": {
    "20": {
      "steps": 24,
      "dE_vs_clean_kcal": -4.318637933700776e-05
    },
    "10": {
      "steps": 26,
      "dE_vs_clean_kcal": -5.446080436666485e-05
    },
    "5": {
      "steps": 25,
      "dE_vs_clean_kcal": -3.178999485756489e-05
    },
    "2": {
      "steps": 33,
      "dE_vs_clean_kcal": 3.8071421504037066e-05
    },
    "1": {
      "steps": 34,
      "dE_vs_clean_kcal": 3.3734029289720307e-06
    },
    "0.5": {
      "steps": 32,
      "dE_vs_clean_kcal": -5.60493894025229e-05
    },
    "0.2": {
      "steps": 38,
      "dE_vs_clean_kcal": 1.112687250994223e-05
    },
    "0.1": {
      "steps": 40,
      "dE_vs_clean_kcal": -4.760680634945856e-05
    },
    "0.05": {
      "steps": 48,
      "dE_vs_clean_kcal": 7.397719220871392e-05
    }
  },
  "trust": {
    "0.1": {
      "steps": 52,
      "E": -48.408081369676424,
      "R1": 48.14508304850992,
      "R2": 48.15414277588967,
      "dE_vs_clean_kcal": 0.08937696220502653
    },
    "0.15": {
      "steps": 54,
      "E": -48.40822367950937,
      "R1": -48.135481773415975,
      "R2": 134.53856053433233,
      "dE_vs_clean_kcal": 7.61937794594452e-05
    },
    "0.2": {
      "steps": 23,
      "E": -48.404919053290385,
      "R1": -0.3314334524388331,
      "R2": 88.9245989798288,
      "dE_vs_clean_kcal": 2.0737604544293635
    },
    "0.3": {
      "steps": 72,
      "E": -48.408223800931886,
      "R1": -48.204111447167186,
      "R2": 134.45816207638416,
      "dE_vs_clean_kcal": 0.0
    },
    "0.5": {
      "steps": 57,
      "E": -48.40822376273732,
      "R1": -48.1787363278336,
      "R2": 134.46144744754204,
      "dE_vs_clean_kcal": 2.396745074012405e-05
    },
    "0.8": {
      "steps": 72,
      "E": -48.40822384354094,
      "R1": -48.17701603994973,
      "R2": 134.49854144722963,
      "dE_vs_clean_kcal": -2.6737583990616013e-05
    },
    "1.5": {
      "steps": 72,
      "E": -48.40822384354094,
      "R1": -48.17701603994973,
      "R2": 134.49854144722963,
      "dE_vs_clean_kcal": -2.6737583990616013e-05
    }
  },
  "noise": {
    "0.001": [
      41,
      49,
      99
    ],
    "0.002": [
      42,
      41,
      39
    ],
    "0.005": [
      40,
      32,
      57
    ],
    "0.01": [
      43,
      53,
      41
    ],
    "0.02": [
      38,
      28,
      33
    ]
  }
}